{"commandline":"ffuf -mc all -fc 404 -sf -noninteractive -of json -t 40 -rate 0 -H User-Agent: Mozilla/5.0 (X11; Linux x86_64; rv:72.0) Gecko/20100101 Firefox/72.0 -w /home/bhuvan/Tools/fuzz_wordlist.txt -maxtime 900 -u http://testphp.vulnweb.com/FUZZ -o /home/bhuvan/reconftw/Recon/testphp.vulnweb.com/.tmp/fuzzing/testphp.vulnweb.com.json","time":"2026-01-24T06:16:22Z","results":[{"input":{"FFUFHASH":"0b0fe3d4","FUZZ":"?q=user/password/"},"position":980,"status":200,"length":4958,"words":514,"lines":110,"content-type":"text/html; charset=UTF-8","redirectlocation":"","scraper":{},"duration":332017739,"resultfile":"","url":"http://testphp.vulnweb.com/?q=user/password/","host":"testphp.vulnweb.com"},{"input":{"FFUFHASH":"0b0fe461","FUZZ":"?q=comment/reply/"},"position":1121,"status":200,"length":4958,"words":514,"lines":110,"content-type":"text/html; charset=UTF-8","redirectlocation":"","scraper":{},"duration":431415442,"resultfile":"","url":"http://testphp.vulnweb.com/?q=comment/reply/","host":"testphp.vulnweb.com"},{"input":{"FFUFHASH":"0b0fea15","FUZZ":"./../proc"},"position":2581,"status":400,"length":157,"words":5,"lines":8,"content-type":"text/html","redirectlocation":"","scraper":{},"duration":505869590,"resultfile":"","url":"http://testphp.vulnweb.com/./../proc","host":"testphp.vulnweb.com"},{"input":{"FFUFHASH":"0b0feb4f","FUZZ":"signup.php"},"position":2895,"status":200,"length":6033,"words":547,"lines":122,"content-type":"text/html; charset=UTF-8","redirectlocation":"","scraper":{},"duration":667943319,"resultfile":"","url":"http://testphp.vulnweb.com/signup.php","host":"testphp.vulnweb.com"},{"input":{"FFUFHASH":"0b0feec0","FUZZ":".idea/workspace.xml"},"position":3776,"status":200,"length":12473,"words":1702,"lines":217,"content-type":"text/xml","redirectlocation":"","scraper":{},"duration":399301976,"resultfile":"","url":"http://testphp.vulnweb.com/.idea/workspace.xml","host":"testphp.vulnweb.com"},{"input":{"FFUFHASH":"0b0fef2f","FUZZ":"index.php?-s"},"position":3887,"status":200,"length":4958,"words":514,"lines":110,"content-type":"text/html; charset=UTF-8","redirectlocation":"","scraper":{},"duration":465243269,"resultfile":"","url":"http://testphp.vulnweb.com/index.php?-s","host":"testphp.vulnweb.com"},{"input":{"FFUFHASH":"0b0fef37","FUZZ":"?q=user/logout/"},"position":3895,"status":200,"length":4958,"words":514,"lines":110,"content-type":"text/html; charset=UTF-8","redirectlocation":"","scraper":{},"duration":464903909,"resultfile":"","url":"http://testphp.vulnweb.com/?q=user/logout/","host":"testphp.vulnweb.com"},{"input":{"FFUFHASH":"0b0fe123b","FUZZ":"images"},"position":4667,"status":301,"length":169,"words":5,"lines":8,"content-type":"text/html","redirectlocation":"http://testphp.vulnweb.com/images/","scraper":{},"duration":344464991,"resultfile":"","url":"http://testphp.vulnweb.com/images","host":"testphp.vulnweb.com"},{"input":{"FFUFHASH":"0b0fe1559","FUZZ":"logout.php"},"position":5465,"status":200,"length":4830,"words":492,"lines":107,"content-type":"text/html; charset=UTF-8","redirectlocation":"","scraper":{},"duration":437208643,"resultfile":"","url":"http://testphp.vulnweb.com/logout.php","host":"testphp.vulnweb.com"},{"input":{"FFUFHASH":"0b0fe16cb","FUZZ":"?q=*"},"position":5835,"status":200,"length":4958,"words":514,"lines":110,"content-type":"text/html; charset=UTF-8","redirectlocation":"","scraper":{},"duration":297631358,"resultfile":"","url":"http://testphp.vulnweb.com/?q=*","host":"testphp.vulnweb.com"},{"input":{"FFUFHASH":"0b0fe1739","FUZZ":"search.php"},"position":5945,"status":200,"length":4732,"words":482,"lines":104,"content-type":"text/html; charset=UTF-8","redirectlocation":"","scraper":{},"duration":390523205,"resultfile":"","url":"http://testphp.vulnweb.com/search.php","host":"testphp.vulnweb.com"},{"input":{"FFUFHASH":"0b0fe182b","FUZZ":"///../../data/config/microsrv.cfg"},"position":6187,"status":400,"length":157,"words":5,"lines":8,"content-type":"text/html","redirectlocation":"","scraper":{},"duration":363541860,"resultfile":"","url":"http://testphp.vulnweb.com////../../data/config/microsrv.cfg","host":"testphp.vulnweb.com"},{"input":{"FFUFHASH":"0b0fe18da","FUZZ":"?q=contact/"},"position":6362,"status":200,"length":4958,"words":514,"lines":110,"content-type":"text/html; charset=UTF-8","redirectlocation":"","scraper":{},"duration":644351545,"resultfile":"","url":"http://testphp.vulnweb.com/?q=contact/","host":"testphp.vulnweb.com"},{"input":{"FFUFHASH":"0b0fe1af4","FUZZ":"%2e%2e//google.com"},"position":6900,"status":400,"length":157,"words":5,"lines":8,"content-type":"text/html","redirectlocation":"","scraper":{},"duration":366457115,"resultfile":"","url":"http://testphp.vulnweb.com/%2e%2e//google.com","host":"testphp.vulnweb.com"},{"input":{"FFUFHASH":"0b0fe1e30","FUZZ":"admin/?/login"},"position":7728,"status":200,"length":262,"words":66,"lines":8,"content-type":"text/html","redirectlocation":"","scraper":{},"duration":287835504,"resultfile":"","url":"http://testphp.vulnweb.com/admin/?/login","host":"testphp.vulnweb.com"},{"input":{"FFUFHASH":"0b0fe1f15","FUZZ":"#.htaccess#"},"position":7957,"status":200,"length":4958,"words":514,"lines":110,"content-type":"text/html; charset=UTF-8","redirectlocation":"","scraper":{},"duration":289528001,"resultfile":"","url":"http://testphp.vulnweb.com/#.htaccess#","host":"testphp.vulnweb.com"},{"input":{"FFUFHASH":"0b0fe21cc","FUZZ":"admin#"},"position":8652,"status":301,"length":169,"words":5,"lines":8,"content-type":"text/html","redirectlocation":"http://testphp.vulnweb.com/admin/","scraper":{},"duration":297996007,"resultfile":"","url":"http://testphp.vulnweb.com/admin#","host":"testphp.vulnweb.com"},{"input":{"FFUFHASH":"0b0fe21da","FUZZ":"index.php?u="},"position":8666,"status":200,"length":4958,"words":514,"lines":110,"content-type":"text/html; charset=UTF-8","redirectlocation":"","scraper":{},"duration":297618387,"resultfile":"","url":"http://testphp.vulnweb.com/index.php?u=","host":"testphp.vulnweb.com"},{"input":{"FFUFHASH":"0b0fe2210","FUZZ":".idea/encodings.xml"},"position":8720,"status":200,"length":171,"words":10,"lines":6,"content-type":"text/xml","redirectlocation":"","scraper":{},"duration":722287683,"resultfile":"","url":"http://testphp.vulnweb.com/.idea/encodings.xml","host":"testphp.vulnweb.com"},{"input":{"FFUFHASH":"0b0fe22ef","FUZZ":"../../data/config/microsrv.cfg"},"position":8943,"status":400,"length":157,"words":5,"lines":8,"content-type":"text/html","redirectlocation":"","scraper":{},"duration":302645480,"resultfile":"","url":"http://testphp.vulnweb.com/../../data/config/microsrv.cfg","host":"testphp.vulnweb.com"},{"input":{"FFUFHASH":"0b0fe22ed","FUZZ":"index.php?redirect=//evil.com"},"position":8941,"status":200,"length":4958,"words":514,"lines":110,"content-type":"text/html; charset=UTF-8","redirectlocation":"","scraper":{},"duration":311779545,"resultfile":"","url":"http://testphp.vulnweb.com/index.php?redirect=//evil.com","host":"testphp.vulnweb.com"},{"input":{"FFUFHASH":"0b0fe250f","FUZZ":"index.php?module=Install\u0026view=Index"},"position":9487,"status":200,"length":4958,"words":514,"lines":110,"content-type":"text/html; charset=UTF-8","redirectlocation":"","scraper":{},"duration":360459361,"resultfile":"","url":"http://testphp.vulnweb.com/index.php?module=Install\u0026view=Index","host":"testphp.vulnweb.com"},{"input":{"FFUFHASH":"0b0fe2776","FUZZ":".idea/scopes/scope_settings.xml"},"position":10102,"status":200,"length":143,"words":13,"lines":5,"content-type":"text/xml","redirectlocation":"","scraper":{},"duration":301537508,"resultfile":"","url":"http://testphp.vulnweb.com/.idea/scopes/scope_settings.xml","host":"testphp.vulnweb.com"},{"input":{"FFUFHASH":"0b0fe2820","FUZZ":"admin/"},"position":10272,"status":200,"length":262,"words":66,"lines":8,"content-type":"text/html","redirectlocation":"","scraper":{},"duration":311333485,"resultfile":"","url":"http://testphp.vulnweb.com/admin/","host":"testphp.vulnweb.com"},{"input":{"FFUFHASH":"0b0fe2a91","FUZZ":".%2e/.%2e/.%2e/.%2e/.%2e/.%2e/.%2e/.%2e/.%2e/.%2e/.%2e/.%2e/.%2e/.%2e/var/www/html/index.html"},"position":10897,"status":400,"length":157,"words":5,"lines":8,"content-type":"text/html","redirectlocation":"","scraper":{},"duration":286110032,"resultfile":"","url":"http://testphp.vulnweb.com/.%2e/.%2e/.%2e/.%2e/.%2e/.%2e/.%2e/.%2e/.%2e/.%2e/.%2e/.%2e/.%2e/.%2e/var/www/html/index.html","host":"testphp.vulnweb.com"},{"input":{"FFUFHASH":"0b0fe2b77","FUZZ":"index.php?xxxxxxxxxxxx_loads=true\u0026xxxxxxxxxxxx_filename=tr"},"position":11127,"status":200,"length":4958,"words":514,"lines":110,"content-type":"text/html; charset=UTF-8","redirectlocation":"","scraper":{},"duration":682873612,"resultfile":"","url":"http://testphp.vulnweb.com/index.php?xxxxxxxxxxxx_loads=true\u0026xxxxxxxxxxxx_filename=tr","host":"testphp.vulnweb.com"},{"input":{"FFUFHASH":"0b0fe2ba4","FUZZ":"?wsdl"},"position":11172,"status":200,"length":4958,"words":514,"lines":110,"content-type":"text/html; charset=UTF-8","redirectlocation":"","scraper":{},"duration":1336393752,"resultfile":"","url":"http://testphp.vulnweb.com/?wsdl","host":"testphp.vulnweb.com"},{"input":{"FFUFHASH":"0b0fe2c08","FUZZ":"cgi.cgi/info2www '(../../../../../../../bin/mail root \u003c/etc/passwd\u003e"},"position":11272,"status":400,"length":157,"words":5,"lines":8,"content-type":"text/html","redirectlocation":"","scraper":{},"duration":503555228,"resultfile":"","url":"http://testphp.vulnweb.com/cgi.cgi/info2www '(../../../../../../../bin/mail root \u003c/etc/passwd\u003e","host":"testphp.vulnweb.com"},{"input":{"FFUFHASH":"0b0fe2d39","FUZZ":"admin/../admin"},"position":11577,"status":301,"length":169,"words":5,"lines":8,"content-type":"text/html","redirectlocation":"http://testphp.vulnweb.com/admin/","scraper":{},"duration":353437519,"resultfile":"","url":"http://testphp.vulnweb.com/admin/../admin","host":"testphp.vulnweb.com"},{"input":{"FFUFHASH":"0b0fe2e70","FUZZ":"cgi-bin"},"position":11888,"status":403,"length":276,"words":20,"lines":10,"content-type":"text/html; charset=iso-8859-1","redirectlocation":"","scraper":{},"duration":582201648,"resultfile":"","url":"http://testphp.vulnweb.com/cgi-bin","host":"testphp.vulnweb.com"},{"input":{"FFUFHASH":"0b0fe2ef0","FUZZ":"admin"},"position":12016,"status":301,"length":169,"words":5,"lines":8,"content-type":"text/html","redirectlocation":"http://testphp.vulnweb.com/admin/","scraper":{},"duration":363880127,"resultfile":"","url":"http://testphp.vulnweb.com/admin","host":"testphp.vulnweb.com"},{"input":{"FFUFHASH":"0b0fe2f4c","FUZZ":"index.zip"},"position":12108,"status":200,"length":2586,"words":9,"lines":2,"content-type":"application/zip","redirectlocation":"","scraper":{},"duration":355358320,"resultfile":"","url":"http://testphp.vulnweb.com/index.zip","host":"testphp.vulnweb.com"},{"input":{"FFUFHASH":"0b0fe308e","FUZZ":"%2e/admin"},"position":12430,"status":301,"length":169,"words":5,"lines":8,"content-type":"text/html","redirectlocation":"http://testphp.vulnweb.com/admin/","scraper":{},"duration":461908165,"resultfile":"","url":"http://testphp.vulnweb.com/%2e/admin","host":"testphp.vulnweb.com"},{"input":{"FFUFHASH":"0b0fe33d0","FUZZ":"vendor"},"position":13264,"status":301,"length":169,"words":5,"lines":8,"content-type":"text/html","redirectlocation":"http://testphp.vulnweb.com/vendor/","scraper":{},"duration":353178400,"resultfile":"","url":"http://testphp.vulnweb.com/vendor","host":"testphp.vulnweb.com"},{"input":{"FFUFHASH":"0b0fe34f3","FUZZ":"_mmServerScripts/MMHTTPDB.php"},"position":13555,"status":200,"length":93,"words":4,"lines":1,"content-type":"text/html; charset=UTF-8","redirectlocation":"","scraper":{},"duration":350413767,"resultfile":"","url":"http://testphp.vulnweb.com/_mmServerScripts/MMHTTPDB.php","host":"testphp.vulnweb.com"},{"input":{"FFUFHASH":"0b0fe3579","FUZZ":"?q=logout/"},"position":13689,"status":200,"length":4958,"words":514,"lines":110,"content-type":"text/html; charset=UTF-8","redirectlocation":"","scraper":{},"duration":360827979,"resultfile":"","url":"http://testphp.vulnweb.com/?q=logout/","host":"testphp.vulnweb.com"},{"input":{"FFUFHASH":"0b0fe3c74","FUZZ":"index.php?s=/install/index/index"},"position":15476,"status":200,"length":4958,"words":514,"lines":110,"content-type":"text/html; charset=UTF-8","redirectlocation":"","scraper":{},"duration":350331665,"resultfile":"","url":"http://testphp.vulnweb.com/index.php?s=/install/index/index","host":"testphp.vulnweb.com"},{"input":{"FFUFHASH":"0b0fe3e94","FUZZ":"cgi-bin/loader"},"position":16020,"status":502,"length":157,"words":5,"lines":8,"content-type":"text/html","redirectlocation":"","scraper":{},"duration":353159779,"resultfile":"","url":"http://testphp.vulnweb.com/cgi-bin/loader","host":"testphp.vulnweb.com"},{"input":{"FFUFHASH":"0b0fe3ea3","FUZZ":"cgi-bin/test.cgi"},"position":16035,"status":502,"length":157,"words":5,"lines":8,"content-type":"text/html","redirectlocation":"","scraper":{},"duration":352546086,"resultfile":"","url":"http://testphp.vulnweb.com/cgi-bin/test.cgi","host":"testphp.vulnweb.com"},{"input":{"FFUFHASH":"0b0fe40be","FUZZ":"static/../admin"},"position":16574,"status":301,"length":169,"words":5,"lines":8,"content-type":"text/html","redirectlocation":"http://testphp.vulnweb.com/admin/","scraper":{},"duration":356702486,"resultfile":"","url":"http://testphp.vulnweb.com/static/../admin","host":"testphp.vulnweb.com"},{"input":{"FFUFHASH":"0b0fe42d4","FUZZ":"?q=node/add/"},"position":17108,"status":200,"length":4958,"words":514,"lines":110,"content-type":"text/html; charset=UTF-8","redirectlocation":"","scraper":{},"duration":355785867,"resultfile":"","url":"http://testphp.vulnweb.com/?q=node/add/","host":"testphp.vulnweb.com"},{"input":{"FFUFHASH":"0b0fe4300","FUZZ":"index.bak"},"position":17152,"status":200,"length":3265,"words":350,"lines":91,"content-type":"application/octet-stream","redirectlocation":"","scraper":{},"duration":381663132,"resultfile":"","url":"http://testphp.vulnweb.com/index.bak","host":"testphp.vulnweb.com"},{"input":{"FFUFHASH":"0b0fe4517","FUZZ":".idea"},"position":17687,"status":301,"length":169,"words":5,"lines":8,"content-type":"text/html","redirectlocation":"http://testphp.vulnweb.com/.idea/","scraper":{},"duration":450235140,"resultfile":"","url":"http://testphp.vulnweb.com/.idea","host":"testphp.vulnweb.com"},{"input":{"FFUFHASH":"0b0fe47db","FUZZ":"CVS"},"position":18395,"status":301,"length":169,"words":5,"lines":8,"content-type":"text/html","redirectlocation":"http://testphp.vulnweb.com/CVS/","scraper":{},"duration":370294971,"resultfile":"","url":"http://testphp.vulnweb.com/CVS","host":"testphp.vulnweb.com"},{"input":{"FFUFHASH":"0b0fe47ed","FUZZ":"index.php?s=/module/action/param1/${@die(md5(hellothinkphp))}"},"position":18413,"status":200,"length":4958,"words":514,"lines":110,"content-type":"text/html; charset=UTF-8","redirectlocation":"","scraper":{},"duration":368499062,"resultfile":"","url":"http://testphp.vulnweb.com/index.php?s=/module/action/param1/${@die(md5(hellothinkphp))}","host":"testphp.vulnweb.com"},{"input":{"FFUFHASH":"0b0fe4a26","FUZZ":"clientaccesspolicy.xml"},"position":18982,"status":200,"length":307,"words":23,"lines":13,"content-type":"text/xml","redirectlocation":"","scraper":{},"duration":369513954,"resultfile":"","url":"http://testphp.vulnweb.com/clientaccesspolicy.xml","host":"testphp.vulnweb.com"},{"input":{"FFUFHASH":"0b0fe4a24","FUZZ":"%61dmin"},"position":18980,"status":301,"length":169,"words":5,"lines":8,"content-type":"text/html","redirectlocation":"http://testphp.vulnweb.com/admin/","scraper":{},"duration":369551692,"resultfile":"","url":"http://testphp.vulnweb.com/%61dmin","host":"testphp.vulnweb.com"},{"input":{"FFUFHASH":"0b0fe4c27","FUZZ":"index.php?reconnect=1"},"position":19495,"status":200,"length":4958,"words":514,"lines":110,"content-type":"text/html; charset=UTF-8","redirectlocation":"","scraper":{},"duration":368075642,"resultfile":"","url":"http://testphp.vulnweb.com/index.php?reconnect=1","host":"testphp.vulnweb.com"},{"input":{"FFUFHASH":"0b0fe4f31","FUZZ":"index.php?s=example"},"position":20273,"status":200,"length":4958,"words":514,"lines":110,"content-type":"text/html; charset=UTF-8","redirectlocation":"","scraper":{},"duration":393865632,"resultfile":"","url":"http://testphp.vulnweb.com/index.php?s=example","host":"testphp.vulnweb.com"},{"input":{"FFUFHASH":"0b0fe4fa9","FUZZ":"pictures"},"position":20393,"status":301,"length":169,"words":5,"lines":8,"content-type":"text/html","redirectlocation":"http://testphp.vulnweb.com/pictures/","scraper":{},"duration":361662472,"resultfile":"","url":"http://testphp.vulnweb.com/pictures","host":"testphp.vulnweb.com"},{"input":{"FFUFHASH":"0b0fe502a","FUZZ":"index.php?/installer"},"position":20522,"status":200,"length":4958,"words":514,"lines":110,"content-type":"text/html; charset=UTF-8","redirectlocation":"","scraper":{},"duration":379624348,"resultfile":"","url":"http://testphp.vulnweb.com/index.php?/installer","host":"testphp.vulnweb.com"},{"input":{"FFUFHASH":"0b0fe504a","FUZZ":".idea/modules.xml"},"position":20554,"status":200,"length":275,"words":26,"lines":10,"content-type":"text/xml","redirectlocation":"","scraper":{},"duration":579151704,"resultfile":"","url":"http://testphp.vulnweb.com/.idea/modules.xml","host":"testphp.vulnweb.com"},{"input":{"FFUFHASH":"0b0fe50a6","FUZZ":"?view=log"},"position":20646,"status":200,"length":4958,"words":514,"lines":110,"content-type":"text/html; charset=UTF-8","redirectlocation":"","scraper":{},"duration":361514714,"resultfile":"","url":"http://testphp.vulnweb.com/?view=log","host":"testphp.vulnweb.com"},{"input":{"FFUFHASH":"0b0fe5116","FUZZ":"login.php"},"position":20758,"status":200,"length":5523,"words":557,"lines":120,"content-type":"text/html; charset=UTF-8","redirectlocation":"","scraper":{},"duration":359721895,"resultfile":"","url":"http://testphp.vulnweb.com/login.php","host":"testphp.vulnweb.com"},{"input":{"FFUFHASH":"0b0fe5146","FUZZ":"favicon.ico"},"position":20806,"status":200,"length":894,"words":2,"lines":4,"content-type":"image/x-icon","redirectlocation":"","scraper":{},"duration":487974289,"resultfile":"","url":"http://testphp.vulnweb.com/favicon.ico","host":"testphp.vulnweb.com"},{"input":{"FFUFHASH":"0b0fe54b6","FUZZ":"robots.txt/../admin"},"position":21686,"status":301,"length":169,"words":5,"lines":8,"content-type":"text/html","redirectlocation":"http://testphp.vulnweb.com/admin/","scraper":{},"duration":375146621,"resultfile":"","url":"http://testphp.vulnweb.com/robots.txt/../admin","host":"testphp.vulnweb.com"},{"input":{"FFUFHASH":"0b0fe5601","FUZZ":"index.php?redirect=/\\/evil.com"},"position":22017,"status":200,"length":4958,"words":514,"lines":110,"content-type":"text/html; charset=UTF-8","redirectlocation":"","scraper":{},"duration":357775397,"resultfile":"","url":"http://testphp.vulnweb.com/index.php?redirect=/\\/evil.com","host":"testphp.vulnweb.com"},{"input":{"FFUFHASH":"0b0fe5a85","FUZZ":"index.php"},"position":23173,"status":200,"length":4958,"words":514,"lines":110,"content-type":"text/html; charset=UTF-8","redirectlocation":"","scraper":{},"duration":363044713,"resultfile":"","url":"http://testphp.vulnweb.com/index.php","host":"testphp.vulnweb.com"},{"input":{"FFUFHASH":"0b0fe5b20","FUZZ":".idea/misc.xml"},"position":23328,"status":200,"length":266,"words":18,"lines":9,"content-type":"text/xml","redirectlocation":"","scraper":{},"duration":365029917,"resultfile":"","url":"http://testphp.vulnweb.com/.idea/misc.xml","host":"testphp.vulnweb.com"},{"input":{"FFUFHASH":"0b0fe5e87","FUZZ":"index.php?route=account/forgotten"},"position":24199,"status":200,"length":4958,"words":514,"lines":110,"content-type":"text/html; charset=UTF-8","redirectlocation":"","scraper":{},"duration":355701242,"resultfile":"","url":"http://testphp.vulnweb.com/index.php?route=account/forgotten","host":"testphp.vulnweb.com"},{"input":{"FFUFHASH":"0b0fe632a","FUZZ":"cgi-bin/"},"position":25386,"status":403,"length":276,"words":20,"lines":10,"content-type":"text/html; charset=iso-8859-1","redirectlocation":"","scraper":{},"duration":358462289,"resultfile":"","url":"http://testphp.vulnweb.com/cgi-bin/","host":"testphp.vulnweb.com"},{"input":{"FFUFHASH":"0b0fe6463","FUZZ":"index.php?s=/index/\\\\think\\\\app/invokefunction\u0026function=call_user_func_array\u0026vars[0]=md5\u0026vars[1][]=hellothinkphp"},"position":25699,"status":200,"length":4958,"words":514,"lines":110,"content-type":"text/html; charset=UTF-8","redirectlocation":"","scraper":{},"duration":361877327,"resultfile":"","url":"http://testphp.vulnweb.com/index.php?s=/index/\\\\think\\\\app/invokefunction\u0026function=call_user_func_array\u0026vars[0]=md5\u0026vars[1][]=hellothinkphp","host":"testphp.vulnweb.com"},{"input":{"FFUFHASH":"0b0fe6657","FUZZ":".idea/vcs.xml"},"position":26199,"status":200,"length":173,"words":16,"lines":8,"content-type":"text/xml","redirectlocation":"","scraper":{},"duration":357656937,"resultfile":"","url":"http://testphp.vulnweb.com/.idea/vcs.xml","host":"testphp.vulnweb.com"},{"input":{"FFUFHASH":"0b0fe6725","FUZZ":"secured"},"position":26405,"status":301,"length":169,"words":5,"lines":8,"content-type":"text/html","redirectlocation":"http://testphp.vulnweb.com/secured/","scraper":{},"duration":359021534,"resultfile":"","url":"http://testphp.vulnweb.com/secured","host":"testphp.vulnweb.com"},{"input":{"FFUFHASH":"0b0fe6892","FUZZ":"?q=filter/tips/"},"position":26770,"status":200,"length":4958,"words":514,"lines":110,"content-type":"text/html; charset=UTF-8","redirectlocation":"","scraper":{},"duration":357008355,"resultfile":"","url":"http://testphp.vulnweb.com/?q=filter/tips/","host":"testphp.vulnweb.com"},{"input":{"FFUFHASH":"0b0fe6acc","FUZZ":"?q=search/"},"position":27340,"status":200,"length":4958,"words":514,"lines":110,"content-type":"text/html; charset=UTF-8","redirectlocation":"","scraper":{},"duration":348000717,"resultfile":"","url":"http://testphp.vulnweb.com/?q=search/","host":"testphp.vulnweb.com"},{"input":{"FFUFHASH":"0b0fe6c34","FUZZ":"?q=admin/"},"position":27700,"status":200,"length":4958,"words":514,"lines":110,"content-type":"text/html; charset=UTF-8","redirectlocation":"","scraper":{},"duration":387480732,"resultfile":"","url":"http://testphp.vulnweb.com/?q=admin/","host":"testphp.vulnweb.com"},{"input":{"FFUFHASH":"0b0fe6d08","FUZZ":"index.php?m=admin\u0026c=index\u0026a=login\u0026dosubmit=1"},"position":27912,"status":200,"length":4958,"words":514,"lines":110,"content-type":"text/html; charset=UTF-8","redirectlocation":"","scraper":{},"duration":361155695,"resultfile":"","url":"http://testphp.vulnweb.com/index.php?m=admin\u0026c=index\u0026a=login\u0026dosubmit=1","host":"testphp.vulnweb.com"},{"input":{"FFUFHASH":"0b0fe6d8c","FUZZ":"search.php?do[]=[test.dll]"},"position":28044,"status":200,"length":4732,"words":482,"lines":104,"content-type":"text/html; charset=UTF-8","redirectlocation":"","scraper":{},"duration":352884677,"resultfile":"","url":"http://testphp.vulnweb.com/search.php?do[]=[test.dll]","host":"testphp.vulnweb.com"},{"input":{"FFUFHASH":"0b0fe703e","FUZZ":"crossdomain.xml"},"position":28734,"status":200,"length":224,"words":8,"lines":5,"content-type":"text/xml","redirectlocation":"","scraper":{},"duration":358703124,"resultfile":"","url":"http://testphp.vulnweb.com/crossdomain.xml","host":"testphp.vulnweb.com"},{"input":{"FFUFHASH":"0b0fe717a","FUZZ":"?\u0026what="},"position":29050,"status":200,"length":4958,"words":514,"lines":110,"content-type":"text/html; charset=UTF-8","redirectlocation":"","scraper":{},"duration":348929605,"resultfile":"","url":"http://testphp.vulnweb.com/?\u0026what=","host":"testphp.vulnweb.com"},{"input":{"FFUFHASH":"0b0fe733d","FUZZ":"./admin/."},"position":29501,"status":200,"length":262,"words":66,"lines":8,"content-type":"text/html","redirectlocation":"","scraper":{},"duration":357148799,"resultfile":"","url":"http://testphp.vulnweb.com/./admin/.","host":"testphp.vulnweb.com"},{"input":{"FFUFHASH":"0b0fe7345","FUZZ":"cart.php"},"position":29509,"status":200,"length":4903,"words":502,"lines":109,"content-type":"text/html; charset=UTF-8","redirectlocation":"","scraper":{},"duration":357371811,"resultfile":"","url":"http://testphp.vulnweb.com/cart.php","host":"testphp.vulnweb.com"},{"input":{"FFUFHASH":"0b0fe73ca","FUZZ":"vendor/"},"position":29642,"status":200,"length":268,"words":60,"lines":8,"content-type":"text/html","redirectlocation":"","scraper":{},"duration":356566128,"resultfile":"","url":"http://testphp.vulnweb.com/vendor/","host":"testphp.vulnweb.com"},{"input":{"FFUFHASH":"0b0fe7464","FUZZ":"CVS/Entries"},"position":29796,"status":200,"length":1,"words":2,"lines":1,"content-type":"application/octet-stream","redirectlocation":"","scraper":{},"duration":360024559,"resultfile":"","url":"http://testphp.vulnweb.com/CVS/Entries","host":"testphp.vulnweb.com"},{"input":{"FFUFHASH":"0b0fe7487","FUZZ":"/admin"},"position":29831,"status":301,"length":169,"words":5,"lines":8,"content-type":"text/html","redirectlocation":"http://testphp.vulnweb.com/admin/","scraper":{},"duration":362811592,"resultfile":"","url":"http://testphp.vulnweb.com//admin","host":"testphp.vulnweb.com"},{"input":{"FFUFHASH":"0b0fe7508","FUZZ":"?q=user/login/"},"position":29960,"status":200,"length":4958,"words":514,"lines":110,"content-type":"text/html; charset=UTF-8","redirectlocation":"","scraper":{},"duration":374484860,"resultfile":"","url":"http://testphp.vulnweb.com/?q=user/login/","host":"testphp.vulnweb.com"},{"input":{"FFUFHASH":"0b0fe7767","FUZZ":"style.css"},"position":30567,"status":200,"length":5482,"words":510,"lines":324,"content-type":"text/css","redirectlocation":"","scraper":{},"duration":356738667,"resultfile":"","url":"http://testphp.vulnweb.com/style.css","host":"testphp.vulnweb.com"},{"input":{"FFUFHASH":"0b0fe7bd2","FUZZ":"CVS/Root"},"position":31698,"status":200,"length":1,"words":2,"lines":1,"content-type":"application/octet-stream","redirectlocation":"","scraper":{},"duration":361851916,"resultfile":"","url":"http://testphp.vulnweb.com/CVS/Root","host":"testphp.vulnweb.com"},{"input":{"FFUFHASH":"0b0fe7bf0","FUZZ":"index.php?param1=assert\u0026param2=print(md5(57575848371));"},"position":31728,"status":200,"length":4958,"words":514,"lines":110,"content-type":"text/html; charset=UTF-8","redirectlocation":"","scraper":{},"duration":478351822,"resultfile":"","url":"http://testphp.vulnweb.com/index.php?param1=assert\u0026param2=print(md5(57575848371));","host":"testphp.vulnweb.com"},{"input":{"FFUFHASH":"0b0fe7cb4","FUZZ":"CVS/"},"position":31924,"status":200,"length":595,"words":262,"lines":11,"content-type":"text/html","redirectlocation":"","scraper":{},"duration":352561814,"resultfile":"","url":"http://testphp.vulnweb.com/CVS/","host":"testphp.vulnweb.com"},{"input":{"FFUFHASH":"0b0fe7cb9","FUZZ":"index.php?page=install"},"position":31929,"status":200,"length":4958,"words":514,"lines":110,"content-type":"text/html; charset=UTF-8","redirectlocation":"","scraper":{},"duration":353684566,"resultfile":"","url":"http://testphp.vulnweb.com/index.php?page=install","host":"testphp.vulnweb.com"},{"input":{"FFUFHASH":"0b0fe7d2c","FUZZ":".idea/.name"},"position":32044,"status":200,"length":6,"words":1,"lines":1,"content-type":"application/octet-stream","redirectlocation":"","scraper":{},"duration":408824565,"resultfile":"","url":"http://testphp.vulnweb.com/.idea/.name","host":"testphp.vulnweb.com"},{"input":{"FFUFHASH":"0b0fe7f95","FUZZ":".idea/"},"position":32661,"status":200,"length":951,"words":427,"lines":14,"content-type":"text/html","redirectlocation":"","scraper":{},"duration":368650966,"resultfile":"","url":"http://testphp.vulnweb.com/.idea/","host":"testphp.vulnweb.com"},{"input":{"FFUFHASH":"0b0fe8115","FUZZ":"index.php?r=installer/welcome"},"position":33045,"status":200,"length":4958,"words":514,"lines":110,"content-type":"text/html; charset=UTF-8","redirectlocation":"","scraper":{},"duration":365480553,"resultfile":"","url":"http://testphp.vulnweb.com/index.php?r=installer/welcome","host":"testphp.vulnweb.com"},{"input":{"FFUFHASH":"0b0fe8116","FUZZ":"?level=12"},"position":33046,"status":200,"length":4958,"words":514,"lines":110,"content-type":"text/html; charset=UTF-8","redirectlocation":"","scraper":{},"duration":369715178,"resultfile":"","url":"http://testphp.vulnweb.com/?level=12","host":"testphp.vulnweb.com"},{"input":{"FFUFHASH":"0b0fe8279","FUZZ":"404.php"},"position":33401,"status":200,"length":5268,"words":529,"lines":112,"content-type":"text/html; charset=UTF-8","redirectlocation":"","scraper":{},"duration":365555785,"resultfile":"","url":"http://testphp.vulnweb.com/404.php","host":"testphp.vulnweb.com"},{"input":{"FFUFHASH":"0b0fe85af","FUZZ":"_mmServerScripts/"},"position":34223,"status":200,"length":400,"words":122,"lines":9,"content-type":"text/html","redirectlocation":"","scraper":{},"duration":359222298,"resultfile":"","url":"http://testphp.vulnweb.com/_mmServerScripts/","host":"testphp.vulnweb.com"},{"input":{"FFUFHASH":"0b0fe861c","FUZZ":"userinfo.php"},"position":34332,"status":302,"length":14,"words":3,"lines":1,"content-type":"text/html; charset=UTF-8","redirectlocation":"login.php","scraper":{},"duration":359606130,"resultfile":"","url":"http://testphp.vulnweb.com/userinfo.php","host":"testphp.vulnweb.com"},{"input":{"FFUFHASH":"0b0fe887a","FUZZ":"?favorites"},"position":34938,"status":200,"length":4958,"words":514,"lines":110,"content-type":"text/html; charset=UTF-8","redirectlocation":"","scraper":{},"duration":353937367,"resultfile":"","url":"http://testphp.vulnweb.com/?favorites","host":"testphp.vulnweb.com"},{"input":{"FFUFHASH":"0b0fe890d","FUZZ":"?msk"},"position":35085,"status":200,"length":4958,"words":514,"lines":110,"content-type":"text/html; charset=UTF-8","redirectlocation":"","scraper":{},"duration":360115958,"resultfile":"","url":"http://testphp.vulnweb.com/?msk","host":"testphp.vulnweb.com"},{"input":{"FFUFHASH":"0b0fe8b1d","FUZZ":"admin?param"},"position":35613,"status":301,"length":169,"words":5,"lines":8,"content-type":"text/html","redirectlocation":"http://testphp.vulnweb.com/admin/?param","scraper":{},"duration":367120929,"resultfile":"","url":"http://testphp.vulnweb.com/admin?param","host":"testphp.vulnweb.com"},{"input":{"FFUFHASH":"0b0fe8d55","FUZZ":"images/"},"position":36181,"status":200,"length":377,"words":128,"lines":9,"content-type":"text/html","redirectlocation":"","scraper":{},"duration":363531385,"resultfile":"","url":"http://testphp.vulnweb.com/images/","host":"testphp.vulnweb.com"},{"input":{"FFUFHASH":"0b0fe912e","FUZZ":"?q=user/register/"},"position":37166,"status":200,"length":4958,"words":514,"lines":110,"content-type":"text/html; charset=UTF-8","redirectlocation":"","scraper":{},"duration":353781859,"resultfile":"","url":"http://testphp.vulnweb.com/?q=user/register/","host":"testphp.vulnweb.com"}],"config":{"autocalibration":false,"autocalibration_keyword":"FUZZ","autocalibration_perhost":false,"autocalibration_strategies":["basic"],"autocalibration_strings":[],"colors":false,"cmdline":"ffuf -mc all -fc 404 -sf -noninteractive -of json -t 40 -rate 0 -H User-Agent: Mozilla/5.0 (X11; Linux x86_64; rv:72.0) Gecko/20100101 Firefox/72.0 -w /home/bhuvan/Tools/fuzz_wordlist.txt -maxtime 900 -u http://testphp.vulnweb.com/FUZZ -o /home/bhuvan/reconftw/Recon/testphp.vulnweb.com/.tmp/fuzzing/testphp.vulnweb.com.json","configfile":"","postdata":"","debuglog":"","delay":{"value":"0.00"},"dirsearch_compatibility":false,"encoders":[],"extensions":[],"fmode":"or","follow_redirects":false,"headers":{"User-Agent":"Mozilla/5.0 (X11; Linux x86_64; rv:72.0) Gecko/20100101 Firefox/72.0"},"ignorebody":false,"ignore_wordlist_comments":false,"inputmode":"clusterbomb","cmd_inputnum":100,"inputproviders":[{"name":"wordlist","keyword":"FUZZ","value":"/home/bhuvan/Tools/fuzz_wordlist.txt","encoders":"","template":""}],"inputshell":"","json":false,"matchers":{"IsCalibrated":false,"Mutex":{},"Matchers":{"status":{"value":"all"}},"Filters":{"status":{"value":"404"}},"PerDomainFilters":{}},"mmode":"or","maxtime":900,"maxtime_job":0,"method":"GET","noninteractive":true,"outputdirectory":"","outputfile":"/home/bhuvan/reconftw/Recon/testphp.vulnweb.com/.tmp/fuzzing/testphp.vulnweb.com.json","outputformat":"json","OutputSkipEmptyFile":false,"proxyurl":"","quiet":false,"rate":0,"raw":false,"recursion":false,"recursion_depth":0,"recursion_strategy":"default","replayproxyurl":"","requestfile":"","requestproto":"https","scraperfile":"","scrapers":"all","sni":"","stop_403":true,"stop_all":false,"stop_errors":false,"threads":40,"timeout":10,"url":"http://testphp.vulnweb.com/FUZZ","verbose":false,"wordlists":["/home/bhuvan/Tools/fuzz_wordlist.txt"],"http2":false,"client-cert":"","client-key":""}}